Summary_Metric,Facial_Metric,Correlation,P_Value,Significant,Abs_Correlation
Semantic_Similarity,disgust_min,0.7464285714285712,0.001391411089063054,Yes,0.7464285714285712
Semantic_Similarity,happy_min,0.7249999999999999,0.0022270323137542148,Yes,0.7249999999999999
Semantic_Similarity,disgust_cv,-0.6428571428571428,0.009739944695595262,Yes,0.6428571428571428
Overall_Percentage,quadrant_transitions,0.5438291349387162,0.036121398443192516,Yes,0.5438291349387162
Semantic_Similarity,surprise_min,0.5357142857142856,0.03956697222954947,Yes,0.5357142857142856
Topic_Coverage,quadrant_transitions,0.5018643027366507,0.056624975523902936,No,0.5018643027366507
Overall_Percentage,happy_min,0.4937396093522555,0.06141371443177911,No,0.4937396093522555
Semantic_Similarity,disgust_median,0.4892857142857142,0.06416038631454055,No,0.4892857142857142
Factual_Accuracy,fear_std,-0.4629100498862757,0.08227686582718156,No,0.4629100498862757
Factual_Accuracy,fear_variance,-0.4629100498862757,0.08227686582718156,No,0.4629100498862757
Semantic_Similarity,surprise_mean_change,-0.4464285714285714,0.09529321315352625,No,0.4464285714285714
Topic_Coverage,valence_total_change,0.4420754146849919,0.09895963976931145,No,0.4420754146849919
Topic_Coverage,positivity_total_change,0.4203340008480251,0.1187564611315307,No,0.4203340008480251
Topic_Coverage,negativity_total_change,0.4203340008480251,0.1187564611315307,No,0.4203340008480251
Semantic_Similarity,valence_cv,0.4107142857142856,0.12832864601574887,No,0.4107142857142856
Topic_Coverage,neutral_variance,-0.40946329392954167,0.12961099125809739,No,0.40946329392954167
Topic_Coverage,neutral_std,-0.40946329392954167,0.12961099125809739,No,0.40946329392954167
Topic_Coverage,intensity_variance,-0.40946329392954167,0.12961099125809739,No,0.40946329392954167
Topic_Coverage,intensity_std,-0.40946329392954167,0.12961099125809739,No,0.40946329392954167
Factual_Accuracy,surprise_trend_direction,0.4082482904638631,0.13086478412099223,No,0.4082482904638631
Overall_Percentage,angry_total_change,0.40787185120403724,0.13125491160218913,No,0.40787185120403724
Overall_Percentage,neutral_variance,-0.40787185120403724,0.13125491160218913,No,0.40787185120403724
Overall_Percentage,intensity_variance,-0.40787185120403724,0.13125491160218913,No,0.40787185120403724
Overall_Percentage,intensity_std,-0.40787185120403724,0.13125491160218913,No,0.40787185120403724
Overall_Percentage,neutral_std,-0.40787185120403724,0.13125491160218913,No,0.40787185120403724
Semantic_Similarity,fear_max_change,-0.4071428571428571,0.13201266377985377,No,0.4071428571428571
Topic_Coverage,intensity_total_change,0.40402794047029994,0.1352839850713696,No,0.40402794047029994
Topic_Coverage,neutral_total_change,0.40402794047029994,0.1352839850713696,No,0.40402794047029994
Semantic_Similarity,sad_max_change,-0.39642857142857135,0.1434945314423536,No,0.39642857142857135
Overall_Percentage,valence_total_change,0.3953494698074221,0.14468701538727485,No,0.3953494698074221
Topic_Coverage,angry_total_change,0.38772188009257486,0.1533063966505861,No,0.38772188009257486
Semantic_Similarity,disgust_mean_change,0.3857142857142856,0.1556307945859602,No,0.3857142857142856
Semantic_Similarity,disgust_mean,0.38214285714285706,0.1598236299869673,No,0.38214285714285706
Semantic_Similarity,surprise_variance,-0.37857142857142856,0.16409082655922064,No,0.37857142857142856
Semantic_Similarity,surprise_std,-0.37857142857142856,0.16409082655922064,No,0.37857142857142856
Semantic_Similarity,surprise_mean,-0.37499999999999994,0.16843274984674558,No,0.37499999999999994
Overall_Percentage,negativity_total_change,0.3685157953861038,0.1765079613116107,No,0.3685157953861038
Overall_Percentage,positivity_total_change,0.3685157953861038,0.1765079613116107,No,0.3685157953861038
Semantic_Similarity,neutral_mean_change,-0.36785714285714277,0.17734214689349137,No,0.36785714285714277
Semantic_Similarity,intensity_mean_change,-0.36785714285714277,0.17734214689349137,No,0.36785714285714277
Semantic_Similarity,valence_min,0.3571428571428571,0.19127476343157904,No,0.3571428571428571
Semantic_Similarity,disgust_trend_slope,0.35357142857142854,0.1960716784341988,No,0.35357142857142854
Semantic_Similarity,disgust_total_change,0.35,0.2009453508162933,No,0.35
Topic_Coverage,arousal_total_change,0.34967440587788295,0.20139349107425186,No,0.34967440587788295
Factual_Accuracy,excitement_max_change,0.3471825374147068,0.2048444407476489,No,0.3471825374147068
Factual_Accuracy,intensity_std,-0.3471825374147068,0.2048444407476489,No,0.3471825374147068
Factual_Accuracy,calmness_max_change,0.3471825374147068,0.2048444407476489,No,0.3471825374147068
Factual_Accuracy,intensity_variance,-0.3471825374147068,0.2048444407476489,No,0.3471825374147068
Factual_Accuracy,neutral_variance,-0.3471825374147068,0.2048444407476489,No,0.3471825374147068
Factual_Accuracy,neutral_std,-0.3471825374147068,0.2048444407476489,No,0.3471825374147068
Overall_Percentage,disgust_min,0.3470488558490492,0.2050306348008279,No,0.3470488558490492
Semantic_Similarity,neutral_max_change,-0.34642857142857136,0.2058959920935512,No,0.34642857142857136
Topic_Coverage,angry_trend_direction,0.3451913061117357,0.2076290505724601,No,0.3451913061117357
Overall_Percentage,transition_rate,0.34168212096478556,0.21259486956776397,No,0.34168212096478556
Semantic_Similarity,angry_trend_slope,0.33928571428571425,0.2160289253419548,No,0.33928571428571425
Topic_Coverage,excitement_total_change,0.3388036989593995,0.2167238670021223,No,0.3388036989593995
Topic_Coverage,calmness_total_change,0.3388036989593995,0.2167238670021223,No,0.3388036989593995
Overall_Percentage,happy_total_change,0.33810429770860984,0.217734733406705,No,0.33810429770860984
Semantic_Similarity,surprise_total_change,-0.33571428571428563,0.22121153763932594,No,0.33571428571428563
Semantic_Similarity,disgust_variance,0.3321428571428571,0.2264717590707243,No,0.3321428571428571
Semantic_Similarity,disgust_std,0.3321428571428571,0.2264717590707243,No,0.3321428571428571
Semantic_Similarity,calmness_max_change,-0.32499999999999996,0.23722543823723408,No,0.32499999999999996
Semantic_Similarity,excitement_max_change,-0.32499999999999996,0.23722543823723408,No,0.32499999999999996
Overall_Percentage,disgust_total_change,0.3237930046839067,0.23907333724699806,No,0.3237930046839067
Overall_Percentage,intensity_total_change,0.32200409305581884,0.24182850842112766,No,0.32200409305581884
Overall_Percentage,neutral_total_change,0.32200409305581884,0.24182850842112766,No,0.32200409305581884
Topic_Coverage,angry_trend_slope,0.3206858540952605,0.24387128718930806,No,0.3206858540952605
Topic_Coverage,sad_variance,-0.31706228512243273,0.24954116601520043,No,0.31706228512243273
Topic_Coverage,sad_std,-0.31706228512243273,0.24954116601520043,No,0.31706228512243273
Overall_Percentage,disgust_max,0.31127062328729155,0.25877009370790405,No,0.31127062328729155
Overall_Percentage,disgust_range,0.31127062328729155,0.25877009370790405,No,0.31127062328729155
Semantic_Similarity,intensity_max_change,-0.3107142857142856,0.2596673973372179,No,0.3107142857142856
Semantic_Similarity,angry_trend_direction,0.3092947870658709,0.26196543825171664,No,0.3092947870658709
Factual_Accuracy,neutral_range,-0.3086066999241838,0.26308381783903756,No,0.3086066999241838
Factual_Accuracy,intensity_range,-0.3086066999241838,0.26308381783903756,No,0.3086066999241838
Factual_Accuracy,disgust_min,0.3086066999241838,0.26308381783903756,No,0.3086066999241838
Semantic_Similarity,negativity_max,-0.3071428571428571,0.2654726857102779,No,0.3071428571428571
Semantic_Similarity,positivity_min,0.3071428571428571,0.2654726857102779,No,0.3071428571428571
Overall_Percentage,disgust_std,0.30411497677494004,0.27045543793973315,No,0.30411497677494004
Overall_Percentage,sad_total_change,0.30411497677494004,0.27045543793973315,No,0.30411497677494004
Overall_Percentage,disgust_variance,0.30411497677494004,0.27045543793973315,No,0.30411497677494004
Semantic_Similarity,fear_cv,-0.30357142857142855,0.27135583600386853,No,0.30357142857142855
Semantic_Similarity,surprise_max_change,-0.30357142857142855,0.27135583600386853,No,0.30357142857142855
Topic_Coverage,happy_min,0.3007562247447076,0.2760481044861891,No,0.3007562247447076
Overall_Percentage,disgust_trend_direction,-0.29975763474150646,0.2777241202461588,No,0.29975763474150646
Overall_Percentage,angry_trend_slope,0.29874824189067634,0.27942444062671423,No,0.29874824189067634
Topic_Coverage,positivity_trend_slope,0.2971326557718798,0.28215880317531855,No,0.2971326557718798
Topic_Coverage,negativity_trend_slope,-0.2971326557718798,0.28215880317531855,No,0.2971326557718798
Topic_Coverage,time_in_calm,0.2971326557718798,0.28215880317531855,No,0.2971326557718798
Semantic_Similarity,negativity_max_change,0.2928571428571428,0.289471667212401,No,0.2928571428571428
Semantic_Similarity,positivity_max_change,0.2928571428571428,0.289471667212401,No,0.2928571428571428
Topic_Coverage,pct_time_tired,-0.2862619488533964,0.3009697113029098,No,0.2862619488533964
Semantic_Similarity,happy_total_change,0.28571428571428564,0.3019363513225493,No,0.28571428571428564
Semantic_Similarity,sad_range,-0.28571428571428564,0.3019363513225493,No,0.28571428571428564
Semantic_Similarity,surprise_trend_direction,-0.28347335475692037,0.3059105373087578,No,0.28347335475692037
Topic_Coverage,intensity_max_change,0.2826383798805686,0.30739908010692657,No,0.2826383798805686
Topic_Coverage,sad_total_change,0.2826383798805686,0.30739908010692657,No,0.2826383798805686
Overall_Percentage,sad_min,0.28085912560979753,0.31058505296162947,No,0.28085912560979753
Overall_Percentage,excitement_total_change,0.28085912560979753,0.31058505296162947,No,0.28085912560979753
Overall_Percentage,calmness_total_change,0.28085912560979753,0.31058505296162947,No,0.28085912560979753
Overall_Percentage,arousal_total_change,0.27907021398170967,0.3138075435910497,No,0.27907021398170967
Overall_Percentage,angry_trend_direction,0.27886372470890747,0.3141807467238552,No,0.27886372470890747
Semantic_Similarity,happy_variance,0.2785714285714285,0.3147094732307908,No,0.2785714285714285
Semantic_Similarity,happy_std,0.2785714285714285,0.3147094732307908,No,0.2785714285714285
Semantic_Similarity,sad_max,-0.27499999999999997,0.3212111733193767,No,0.27499999999999997
Semantic_Similarity,happy_mean,0.27499999999999997,0.3212111733193767,No,0.27499999999999997
Factual_Accuracy,disgust_trend_direction,-0.2721655269759087,0.3264256794383835,No,0.2721655269759087
Overall_Percentage,peak_intensity_mean,-0.2719145674693581,0.32688967865362983,No,0.2719145674693581
Topic_Coverage,disgust_trend_direction,-0.2716334335501103,0.3274099141913229,No,0.2716334335501103
Semantic_Similarity,calmness_mean_change,-0.2714285714285714,0.3277893068411728,No,0.2714285714285714
Semantic_Similarity,intensity_variance,-0.2714285714285714,0.3277893068411728,No,0.2714285714285714
Semantic_Similarity,excitement_mean_change,-0.2714285714285714,0.3277893068411728,No,0.2714285714285714
Semantic_Similarity,neutral_std,-0.2714285714285714,0.3277893068411728,No,0.2714285714285714
Semantic_Similarity,neutral_variance,-0.2714285714285714,0.3277893068411728,No,0.2714285714285714
Semantic_Similarity,intensity_std,-0.2714285714285714,0.3277893068411728,No,0.2714285714285714
Semantic_Similarity,arousal_mean_change,-0.2714285714285714,0.3277893068411728,No,0.2714285714285714
Semantic_Similarity,arousal_min,0.2714285714285714,0.3277893068411728,No,0.2714285714285714
Overall_Percentage,positivity_trend_slope,0.27012565584127024,0.33020809306962473,No,0.27012565584127024
Overall_Percentage,negativity_trend_slope,-0.27012565584127024,0.33020809306962473,No,0.27012565584127024
Factual_Accuracy,intensity_min,0.2700308624336608,0.3303844666503378,No,0.2700308624336608
Factual_Accuracy,fear_total_change,-0.2700308624336608,0.3303844666503378,No,0.2700308624336608
Topic_Coverage,sad_min,0.26995588847567126,0.33052400190529785,No,0.26995588847567126
Overall_Percentage,disgust_max_change,0.2683367442131824,0.33354558967402226,No,0.2683367442131824
Topic_Coverage,neutral_max_change,0.26814410398925737,0.3339061268942183,No,0.26814410398925737
Semantic_Similarity,neutral_range,-0.2678571428571428,0.3344436005123538,No,0.2678571428571428
Semantic_Similarity,arousal_max_change,-0.2678571428571428,0.3344436005123538,No,0.2678571428571428
Semantic_Similarity,intensity_range,-0.2678571428571428,0.3344436005123538,No,0.2678571428571428
Overall_Percentage,time_in_calm,0.2665478325850945,0.3369021308906096,No,0.2665478325850945
Overall_Percentage,happy_mean_change,0.26297000932891873,0.34367218959447665,No,0.26297000932891873
Semantic_Similarity,angry_min,0.2607142857142857,0.34797945986279355,No,0.2607142857142857
Semantic_Similarity,angry_total_change,0.2607142857142857,0.34797945986279355,No,0.2607142857142857
Semantic_Similarity,neutral_max,-0.25357142857142856,0.3618161038158896,No,0.25357142857142856
Semantic_Similarity,sad_min,0.25357142857142856,0.3618161038158896,No,0.25357142857142856
Semantic_Similarity,fear_mean_change,-0.25357142857142856,0.3618161038158896,No,0.25357142857142856
Semantic_Similarity,happy_trend_direction,-0.2519763153394848,0.3649468326929435,No,0.2519763153394848
Topic_Coverage,peak_intensity_mean,-0.2500262591251184,0.3687943312451415,No,0.2500262591251184
Semantic_Similarity,surprise_max,-0.25,0.36884629178393047,No,0.25
Semantic_Similarity,surprise_range,-0.25,0.36884629178393047,No,0.25
Topic_Coverage,transition_rate,0.24821447463870447,0.3723888001665221,No,0.24821447463870447
Topic_Coverage,disgust_range,0.24459090566587666,0.37963467641579585,No,0.24459090566587666
Topic_Coverage,negativity_std,-0.24459090566587666,0.37963467641579585,No,0.24459090566587666
Topic_Coverage,negativity_variance,-0.24459090566587666,0.37963467641579585,No,0.24459090566587666
Topic_Coverage,positivity_variance,-0.24459090566587666,0.37963467641579585,No,0.24459090566587666
Topic_Coverage,positivity_std,-0.24459090566587666,0.37963467641579585,No,0.24459090566587666
Topic_Coverage,disgust_max,0.24459090566587666,0.37963467641579585,No,0.24459090566587666
Topic_Coverage,happy_total_change,0.23915555220663498,0.3906449516701753,No,0.23915555220663498
Overall_Percentage,happy_trend_direction,-0.23665076426961032,0.39577558566220905,No,0.23665076426961032
Semantic_Similarity,angry_mean,0.23571428571428568,0.39770294590327293,No,0.23571428571428568
Topic_Coverage,positivity_trend_direction,-0.23483410915693106,0.3995189546925888,No,0.23483410915693106
Topic_Coverage,valence_trend_direction,-0.23483410915693106,0.3995189546925888,No,0.23483410915693106
Topic_Coverage,negativity_trend_direction,0.23483410915693106,0.3995189546925888,No,0.23483410915693106
Topic_Coverage,sad_trend_direction,0.23483410915693106,0.3995189546925888,No,0.23483410915693106
Overall_Percentage,sad_max_change,-0.2343474232795126,0.4005249797295056,No,0.2343474232795126
Overall_Percentage,valence_trend_slope,0.2343474232795126,0.4005249797295056,No,0.2343474232795126
Overall_Percentage,neutral_cv,-0.2343474232795126,0.4005249797295056,No,0.2343474232795126
Overall_Percentage,disgust_mean_change,0.2343474232795126,0.4005249797295056,No,0.2343474232795126
Topic_Coverage,sad_mean_change,-0.23372019874739325,0.40182348201526885,No,0.23372019874739325
Semantic_Similarity,fear_range,-0.2321428571428571,0.40509874069364893,No,0.2321428571428571
Semantic_Similarity,fear_max,-0.2321428571428571,0.40509874069364893,No,0.2321428571428571
Semantic_Similarity,neutral_min,0.2321428571428571,0.40509874069364893,No,0.2321428571428571
Overall_Percentage,sad_trend_direction,0.23186944788008412,0.40566788148338817,No,0.23186944788008412
Overall_Percentage,negativity_trend_direction,0.23186944788008412,0.40566788148338817,No,0.23186944788008412
Overall_Percentage,valence_trend_direction,-0.23186944788008412,0.40566788148338817,No,0.23186944788008412
Overall_Percentage,positivity_trend_direction,-0.23186944788008412,0.40566788148338817,No,0.23186944788008412
Factual_Accuracy,negativity_range,0.23145502494313785,0.40653136249946353,No,0.23145502494313785
Factual_Accuracy,positivity_range,0.23145502494313785,0.40653136249946353,No,0.23145502494313785
Factual_Accuracy,angry_mean_change,0.23145502494313785,0.40653136249946353,No,0.23145502494313785
Factual_Accuracy,intensity_max,0.23145502494313785,0.40653136249946353,No,0.23145502494313785
Factual_Accuracy,valence_range,0.23145502494313785,0.40653136249946353,No,0.23145502494313785
Factual_Accuracy,valence_max_change,0.23145502494313785,0.40653136249946353,No,0.23145502494313785
Factual_Accuracy,arousal_max_change,0.23145502494313785,0.40653136249946353,No,0.23145502494313785
Factual_Accuracy,neutral_min,-0.23145502494313785,0.40653136249946353,No,0.23145502494313785
Factual_Accuracy,neutral_max_change,0.23145502494313785,0.40653136249946353,No,0.23145502494313785
Factual_Accuracy,neutral_max,-0.23145502494313785,0.40653136249946353,No,0.23145502494313785
Factual_Accuracy,surprise_median,-0.23145502494313785,0.40653136249946353,No,0.23145502494313785
Factual_Accuracy,peak_intensity_max,0.23145502494313785,0.40653136249946353,No,0.23145502494313785
Topic_Coverage,surprise_median,-0.23009662977456546,0.40936842814018515,No,0.23009662977456546
Topic_Coverage,calmness_max,0.22828484528815157,0.4131684702690901,No,0.22828484528815157
Topic_Coverage,excitement_min,-0.22828484528815157,0.4131684702690901,No,0.22828484528815157
Topic_Coverage,calmness_trend_slope,-0.22828484528815157,0.4131684702690901,No,0.22828484528815157
Topic_Coverage,excitement_trend_slope,0.22828484528815157,0.4131684702690901,No,0.22828484528815157
Overall_Percentage,negativity_cv,0.22719177676716112,0.41546992269385963,No,0.22719177676716112
Overall_Percentage,positivity_cv,0.22719177676716112,0.41546992269385963,No,0.22719177676716112
Semantic_Similarity,intensity_min,0.22499999999999998,0.420104686907635,No,0.22499999999999998
Semantic_Similarity,peak_intensity_max,-0.22499999999999998,0.420104686907635,No,0.22499999999999998
Semantic_Similarity,intensity_max,-0.22499999999999998,0.420104686907635,No,0.22499999999999998
Overall_Percentage,disgust_cv,-0.2236139535109853,0.42304935831422086,No,0.2236139535109853
Overall_Percentage,angry_cv,0.2236139535109853,0.42304935831422086,No,0.2236139535109853
Semantic_Similarity,time_in_tired,0.2234138514990868,0.4234753526369526,No,0.2234138514990868
Overall_Percentage,negativity_variance,-0.2218250418828974,0.4268655659300731,No,0.2218250418828974
Overall_Percentage,negativity_std,-0.2218250418828974,0.4268655659300731,No,0.2218250418828974
Overall_Percentage,positivity_std,-0.2218250418828974,0.4268655659300731,No,0.2218250418828974
Overall_Percentage,positivity_variance,-0.2218250418828974,0.4268655659300731,No,0.2218250418828974
Overall_Percentage,surprise_min,0.2218250418828974,0.4268655659300731,No,0.2218250418828974
Semantic_Similarity,happy_mean_change,0.22142857142857136,0.42771371901637,No,0.22142857142857136
Topic_Coverage,neutral_cv,-0.22103770734249595,0.42855072215797685,No,0.22103770734249595
Topic_Coverage,negativity_cv,0.22103770734249595,0.42855072215797685,No,0.22103770734249595
Topic_Coverage,positivity_cv,0.22103770734249595,0.42855072215797685,No,0.22103770734249595
Topic_Coverage,valence_trend_slope,0.22103770734249595,0.42855072215797685,No,0.22103770734249595
Overall_Percentage,disgust_mean,0.22003613025480953,0.43069933394848336,No,0.22003613025480953
Topic_Coverage,sad_mean,-0.21922592285608206,0.4324414245946059,No,0.21922592285608206
Semantic_Similarity,peak_intensity_mean,-0.2178571428571428,0.43539267351553756,No,0.2178571428571428
Overall_Percentage,sad_std,-0.2164583069986338,0.43841924437077073,No,0.2164583069986338
Overall_Percentage,sad_variance,-0.2164583069986338,0.43841924437077073,No,0.2164583069986338
Topic_Coverage,angry_cv,0.21379056939684038,0.4442205930106674,No,0.21379056939684038
Topic_Coverage,disgust_max_change,0.21379056939684038,0.4442205930106674,No,0.21379056939684038
Topic_Coverage,angry_median,-0.21197878491042643,0.4481823931651202,No,0.21197878491042643
Semantic_Similarity,valence_max_change,0.21071428571428572,0.450957865215285,No,0.21071428571428572
Semantic_Similarity,intensity_cv,-0.21071428571428572,0.450957865215285,No,0.21071428571428572
Overall_Percentage,surprise_median,-0.20751374885819437,0.45802081171788034,No,0.20751374885819437
Semantic_Similarity,sad_cv,-0.2071428571428571,0.4588428049634704,No,0.2071428571428571
Topic_Coverage,arousal_trend_slope,0.20654343145118476,0.46017282417377425,No,0.20654343145118476
Overall_Percentage,pct_time_tired,-0.20572483723010648,0.4619921971713703,No,0.20572483723010648
Overall_Percentage,angry_median,-0.20572483723010648,0.4619921971713703,No,0.20572483723010648
Overall_Percentage,peak_intensity_max,-0.20393592560201862,0.4659804058288215,No,0.20393592560201862
Overall_Percentage,intensity_max,-0.20393592560201862,0.4659804058288215,No,0.20393592560201862
Topic_Coverage,surprise_total_change,0.20291986247835694,0.46825307951110884,No,0.20291986247835694
Overall_Percentage,positivity_min,0.20214701397393073,0.4699853489061262,No,0.20214701397393073
Overall_Percentage,negativity_max,-0.20214701397393073,0.4699853489061262,No,0.20214701397393073
Factual_Accuracy,calmness_trend_direction,0.2004459314343183,0.473809103731176,No,0.2004459314343183
Factual_Accuracy,arousal_trend_direction,-0.2004459314343183,0.473809103731176,No,0.2004459314343183
Factual_Accuracy,excitement_trend_direction,-0.2004459314343183,0.473809103731176,No,0.2004459314343183
Factual_Accuracy,angry_trend_direction,-0.2004459314343183,0.473809103731176,No,0.2004459314343183
Topic_Coverage,disgust_total_change,0.19748450901911524,0.4805015683728371,No,0.19748450901911524
Semantic_Similarity,quadrant_transitions,0.1964285714285714,0.4828987562716336,No,0.1964285714285714
Semantic_Similarity,angry_cv,-0.1964285714285714,0.4828987562716336,No,0.1964285714285714
Overall_Percentage,happy_median,0.19499136746157922,0.48617064239250785,No,0.19499136746157922
Factual_Accuracy,happy_std,0.19287918745261487,0.49099819789044086,No,0.19287918745261487
Factual_Accuracy,happy_cv,-0.19287918745261487,0.49099819789044086,No,0.19287918745261487
Factual_Accuracy,angry_std,0.19287918745261487,0.49099819789044086,No,0.19287918745261487
Factual_Accuracy,angry_variance,0.19287918745261487,0.49099819789044086,No,0.19287918745261487
Factual_Accuracy,happy_variance,0.19287918745261487,0.49099819789044086,No,0.19287918745261487
Factual_Accuracy,intensity_max_change,0.19287918745261487,0.49099819789044086,No,0.19287918745261487
Factual_Accuracy,happy_trend_slope,-0.19287918745261487,0.49099819789044086,No,0.19287918745261487
Factual_Accuracy,valence_min,-0.19287918745261487,0.49099819789044086,No,0.19287918745261487
Factual_Accuracy,transition_rate,0.19287918745261487,0.49099819789044086,No,0.19287918745261487
Factual_Accuracy,happy_min,0.19287918745261487,0.49099819789044086,No,0.19287918745261487
Factual_Accuracy,fear_cv,-0.19287918745261487,0.49099819789044086,No,0.19287918745261487
Factual_Accuracy,fear_mean_change,-0.19287918745261487,0.49099819789044086,No,0.19287918745261487
Semantic_Similarity,fear_variance,-0.1928571428571428,0.4910487016052232,No,0.1928571428571428
Semantic_Similarity,fear_std,-0.1928571428571428,0.4910487016052232,No,0.1928571428571428
Overall_Percentage,surprise_trend_direction,-0.18932061141568826,0.499182460411972,No,0.18932061141568826
Semantic_Similarity,surprise_cv,0.18928571428571428,0.49926303323854526,No,0.18928571428571428
Semantic_Similarity,happy_median,0.1857142857142857,0.5075409629336737,No,0.1857142857142857
Topic_Coverage,disgust_variance,0.18299023312780402,0.513897081049918,No,0.18299023312780402
Topic_Coverage,disgust_std,0.18299023312780402,0.513897081049918,No,0.18299023312780402
Semantic_Similarity,transition_rate,0.18214285714285713,0.5158816817070392,No,0.18214285714285713
Semantic_Similarity,happy_trend_slope,-0.18214285714285713,0.5158816817070392,No,0.18214285714285713
Topic_Coverage,happy_mean_change,0.18117844864139013,0.5181446222342572,No,0.18117844864139013
Topic_Coverage,sad_trend_slope,-0.17936666415497624,0.5224080506728959,No,0.17936666415497624
Overall_Percentage,happy_cv,-0.17889116280878825,0.5235296020683756,No,0.17889116280878825
Semantic_Similarity,neutral_cv,-0.17857142857142855,0.5242843600465525,No,0.17857142857142855
Overall_Percentage,valence_min,0.1753133395526125,0.5320031535687182,No,0.1753133395526125
Semantic_Similarity,fear_min,0.175,0.5327481481378592,No,0.175
Overall_Percentage,neutral_min,0.1735244279245246,0.5362626845904732,No,0.1735244279245246
Overall_Percentage,calmness_median,0.16815769304026093,0.5491309633097875,No,0.16815769304026093
Overall_Percentage,excitement_median,-0.16815769304026093,0.5491309633097875,No,0.16815769304026093
Semantic_Similarity,calmness_cv,0.16785714285714282,0.5498555542278019,No,0.16785714285714282
Semantic_Similarity,excitement_cv,0.16785714285714282,0.5498555542278019,No,0.16785714285714282
Factual_Accuracy,negativity_trend_direction,0.16666666666666669,0.5527297125967168,No,0.16666666666666669
Factual_Accuracy,positivity_trend_direction,-0.16666666666666669,0.5527297125967168,No,0.16666666666666669
Factual_Accuracy,valence_trend_direction,-0.16666666666666669,0.5527297125967168,No,0.16666666666666669
Factual_Accuracy,sad_trend_direction,0.16666666666666669,0.5527297125967168,No,0.16666666666666669
Topic_Coverage,happy_variance,-0.16487238826366502,0.5570738200074056,No,0.16487238826366502
Topic_Coverage,happy_std,-0.16487238826366502,0.5570738200074056,No,0.16487238826366502
Topic_Coverage,fear_total_change,0.16487238826366502,0.5570738200074056,No,0.16487238826366502
Overall_Percentage,fear_variance,-0.1645798697840852,0.5577834162762577,No,0.1645798697840852
Overall_Percentage,fear_std,-0.1645798697840852,0.5577834162762577,No,0.1645798697840852
Semantic_Similarity,angry_max_change,-0.16428571428571426,0.5584973732486012,No,0.16428571428571426
Semantic_Similarity,happy_cv,-0.16428571428571426,0.5584973732486012,No,0.16428571428571426
Topic_Coverage,angry_mean,-0.1630606037772511,0.5614750799725265,No,0.1630606037772511
Topic_Coverage,valence_variance,-0.1630606037772511,0.5614750799725265,No,0.1630606037772511
Topic_Coverage,valence_std,-0.1630606037772511,0.5614750799725265,No,0.1630606037772511
Topic_Coverage,peak_intensity_max,-0.1612488192908372,0.5658910580943808,No,0.1612488192908372
Topic_Coverage,arousal_std,-0.1612488192908372,0.5658910580943808,No,0.1612488192908372
Topic_Coverage,intensity_max,-0.1612488192908372,0.5658910580943808,No,0.1612488192908372
Topic_Coverage,arousal_variance,-0.1612488192908372,0.5658910580943808,No,0.1612488192908372
Overall_Percentage,sad_mean_change,-0.16100204652790942,0.5664936651664357,No,0.16100204652790942
Semantic_Similarity,disgust_max,0.1607142857142857,0.5671967045803448,No,0.1607142857142857
Semantic_Similarity,disgust_range,0.1607142857142857,0.5671967045803448,No,0.1607142857142857
Topic_Coverage,intensity_trend_direction,0.1597843726765355,0.5694711188507391,No,0.1597843726765355
Topic_Coverage,neutral_trend_direction,-0.1597843726765355,0.5694711188507391,No,0.1597843726765355
Topic_Coverage,sad_median,-0.15762525031800942,0.5747666717299922,No,0.15762525031800942
Topic_Coverage,neutral_mean,0.15762525031800942,0.5747666717299922,No,0.15762525031800942
Topic_Coverage,intensity_mean,-0.15762525031800942,0.5747666717299922,No,0.15762525031800942
Semantic_Similarity,disgust_trend_direction,0.15748519708717798,0.5751108778701779,No,0.15748519708717798
Topic_Coverage,pct_time_calm,0.1558134658315955,0.5792260556009743,No,0.1558134658315955
Overall_Percentage,fear_trend_slope,-0.15563531164364577,0.5796653199951414,No,0.15563531164364577
Factual_Accuracy,time_in_tired,-0.15444130559980607,0.5826128493737219,No,0.15444130559980607
Factual_Accuracy,valence_max,0.1543033499620919,0.5829538031976735,No,0.1543033499620919
Semantic_Similarity,sad_trend_direction,0.1543033499620919,0.5829538031976735,No,0.1543033499620919
Factual_Accuracy,intensity_cv,-0.1543033499620919,0.5829538031976735,No,0.1543033499620919
Factual_Accuracy,surprise_cv,0.1543033499620919,0.5829538031976735,No,0.1543033499620919
Factual_Accuracy,negativity_max_change,0.1543033499620919,0.5829538031976735,No,0.1543033499620919
Factual_Accuracy,angry_total_change,0.1543033499620919,0.5829538031976735,No,0.1543033499620919
Factual_Accuracy,fear_min,-0.1543033499620919,0.5829538031976735,No,0.1543033499620919
Factual_Accuracy,sad_range,0.1543033499620919,0.5829538031976735,No,0.1543033499620919
Factual_Accuracy,sad_min,0.1543033499620919,0.5829538031976735,No,0.1543033499620919
Factual_Accuracy,positivity_max_change,0.1543033499620919,0.5829538031976735,No,0.1543033499620919
Factual_Accuracy,calmness_max,-0.1543033499620919,0.5829538031976735,No,0.1543033499620919
Semantic_Similarity,negativity_trend_direction,0.1543033499620919,0.5829538031976735,No,0.1543033499620919
Factual_Accuracy,negativity_min,-0.1543033499620919,0.5829538031976735,No,0.1543033499620919
Factual_Accuracy,angry_median,0.1543033499620919,0.5829538031976735,No,0.1543033499620919
Factual_Accuracy,disgust_trend_slope,-0.1543033499620919,0.5829538031976735,No,0.1543033499620919
Factual_Accuracy,disgust_median,0.1543033499620919,0.5829538031976735,No,0.1543033499620919
Factual_Accuracy,happy_max,0.1543033499620919,0.5829538031976735,No,0.1543033499620919
Factual_Accuracy,happy_mean,0.1543033499620919,0.5829538031976735,No,0.1543033499620919
Factual_Accuracy,sad_max,0.1543033499620919,0.5829538031976735,No,0.1543033499620919
Factual_Accuracy,happy_range,0.1543033499620919,0.5829538031976735,No,0.1543033499620919
Factual_Accuracy,excitement_min,0.1543033499620919,0.5829538031976735,No,0.1543033499620919
Semantic_Similarity,positivity_trend_direction,-0.1543033499620919,0.5829538031976735,No,0.1543033499620919
Semantic_Similarity,valence_trend_direction,-0.1543033499620919,0.5829538031976735,No,0.1543033499620919
Factual_Accuracy,positivity_max,0.1543033499620919,0.5829538031976735,No,0.1543033499620919
Factual_Accuracy,sad_trend_slope,0.1543033499620919,0.5829538031976735,No,0.1543033499620919
Topic_Coverage,fear_range,0.1540016813451816,0.5836996543623596,No,0.1540016813451816
Topic_Coverage,excitement_median,-0.1540016813451816,0.5836996543623596,No,0.1540016813451816
Topic_Coverage,fear_max,0.1540016813451816,0.5836996543623596,No,0.1540016813451816
Topic_Coverage,calmness_median,0.1540016813451816,0.5836996543623596,No,0.1540016813451816
Overall_Percentage,sad_mean,-0.15384640001555788,0.5840837271236683,No,0.15384640001555788
Overall_Percentage,arousal_median,-0.15205748838747002,0.5885158560274555,No,0.15205748838747002
Overall_Percentage,sad_max,-0.15205748838747002,0.5885158560274555,No,0.15205748838747002
Overall_Percentage,valence_std,-0.15205748838747002,0.5885158560274555,No,0.15205748838747002
Overall_Percentage,valence_variance,-0.15205748838747002,0.5885158560274555,No,0.15205748838747002
Topic_Coverage,fear_max_change,0.1503781123723538,0.5926889798240018,No,0.1503781123723538
Semantic_Similarity,surprise_trend_slope,-0.15,0.5936302027425882,No,0.15
Overall_Percentage,disgust_median,0.14847966513129426,0.5974207767660411,No,0.14847966513129426
Topic_Coverage,fear_trend_slope,-0.146754543399526,0.6017336026483653,No,0.146754543399526
Overall_Percentage,excitement_trend_slope,0.14669075350320634,0.6018933145726064,No,0.14669075350320634
Overall_Percentage,surprise_trend_slope,-0.14669075350320634,0.6018933145726064,No,0.14669075350320634
Overall_Percentage,calmness_trend_slope,-0.14669075350320634,0.6018933145726064,No,0.14669075350320634
Semantic_Similarity,arousal_cv,0.13928571428571426,0.6205460876279014,No,0.13928571428571426
Overall_Percentage,sad_trend_slope,-0.13774619536276697,0.6244515972601778,No,0.13774619536276697
Topic_Coverage,happy_median,0.13769562096745647,0.6245800544953481,No,0.13769562096745647
Overall_Percentage,neutral_mean,0.13595728373467905,0.6290014486908408,No,0.13595728373467905
Overall_Percentage,intensity_mean,-0.13595728373467905,0.6290014486908408,No,0.13595728373467905
Overall_Percentage,neutral_mean_change,-0.13595728373467905,0.6290014486908408,No,0.13595728373467905
Overall_Percentage,intensity_mean_change,-0.13595728373467905,0.6290014486908408,No,0.13595728373467905
Semantic_Similarity,neutral_total_change,-0.1357142857142857,0.6296204418728145,No,0.1357142857142857
Semantic_Similarity,excitement_min,0.1357142857142857,0.6296204418728145,No,0.1357142857142857
Semantic_Similarity,intensity_total_change,-0.1357142857142857,0.6296204418728145,No,0.1357142857142857
Semantic_Similarity,calmness_max,-0.1357142857142857,0.6296204418728145,No,0.1357142857142857
Topic_Coverage,negativity_median,-0.13407205199462868,0.63380971414526,No,0.13407205199462868
Topic_Coverage,positivity_median,0.13407205199462868,0.63380971414526,No,0.13407205199462868
Topic_Coverage,valence_median,0.13407205199462868,0.63380971414526,No,0.13407205199462868
Topic_Coverage,valence_cv,-0.13407205199462868,0.63380971414526,No,0.13407205199462868
Topic_Coverage,valence_mean,0.13407205199462868,0.63380971414526,No,0.13407205199462868
Overall_Percentage,intensity_range,-0.13237946047850332,0.6381382713649181,No,0.13237946047850332
Overall_Percentage,excitement_min,-0.13237946047850332,0.6381382713649181,No,0.13237946047850332
Overall_Percentage,intensity_max_change,0.13237946047850332,0.6381382713649181,No,0.13237946047850332
Overall_Percentage,fear_mean_change,-0.13237946047850332,0.6381382713649181,No,0.13237946047850332
Overall_Percentage,neutral_range,-0.13237946047850332,0.6381382713649181,No,0.13237946047850332
Overall_Percentage,calmness_max,0.13237946047850332,0.6381382713649181,No,0.13237946047850332
Semantic_Similarity,negativity_cv,0.13214285714285715,0.6387442188840665,No,0.13214285714285715
Semantic_Similarity,positivity_cv,0.13214285714285715,0.6387442188840665,No,0.13214285714285715
Overall_Percentage,fear_trend_direction,-0.13116516715679058,0.6412503551780894,No,0.13116516715679058
Topic_Coverage,arousal_median,-0.1304484830218009,0.643089736659212,No,0.1304484830218009
Topic_Coverage,time_in_stressed,0.12965840894279063,0.6451197054690876,No,0.12965840894279063
Overall_Percentage,angry_min,0.12880163722232754,0.6473236737684194,No,0.12880163722232754
Overall_Percentage,valence_mean,0.12880163722232754,0.6473236737684194,No,0.12880163722232754
Topic_Coverage,calmness_std,-0.128636698535387,0.647748276670767,No,0.128636698535387
Topic_Coverage,excitement_variance,-0.128636698535387,0.647748276670767,No,0.128636698535387
Topic_Coverage,calmness_mean,0.128636698535387,0.647748276670767,No,0.128636698535387
Topic_Coverage,excitement_std,-0.128636698535387,0.647748276670767,No,0.128636698535387
Topic_Coverage,excitement_mean,-0.128636698535387,0.647748276670767,No,0.128636698535387
Topic_Coverage,calmness_variance,-0.128636698535387,0.647748276670767,No,0.128636698535387
Semantic_Similarity,arousal_range,-0.12857142857142856,0.6479163294665075,No,0.12857142857142856
Semantic_Similarity,pct_time_calm,-0.12857142857142856,0.6479163294665075,No,0.12857142857142856
Topic_Coverage,overall_emotional_volatility,-0.12682491404897311,0.6524189764718353,No,0.12682491404897311
Topic_Coverage,overall_emotional_stability,0.12682491404897311,0.6524189764718353,No,0.12682491404897311
Overall_Percentage,neutral_trend_direction,-0.12621374094379217,0.6539972707376731,No,0.12621374094379217
Overall_Percentage,intensity_trend_direction,0.12621374094379217,0.6539972707376731,No,0.12621374094379217
Overall_Percentage,excitement_mean,-0.1252238139661518,0.6565565455760842,No,0.1252238139661518
Overall_Percentage,calmness_mean,0.1252238139661518,0.6565565455760842,No,0.1252238139661518
Semantic_Similarity,arousal_total_change,-0.125,0.6571356681869505,No,0.125
Overall_Percentage,fear_total_change,0.12343490233806388,0.6611904311380086,No,0.12343490233806388
Semantic_Similarity,angry_std,0.12142857142857141,0.6664011137233894,No,0.12142857142857141
Semantic_Similarity,angry_max,-0.12142857142857141,0.6664011137233894,No,0.12142857142857141
Semantic_Similarity,angry_variance,0.12142857142857141,0.6664011137233894,No,0.12142857142857141
Semantic_Similarity,angry_range,-0.12142857142857141,0.6664011137233894,No,0.12142857142857141
Overall_Percentage,sad_range,-0.11985707908188814,0.6704923902335926,No,0.11985707908188814
Topic_Coverage,time_in_tired,-0.11787128085708236,0.6756745854868828,No,0.11787128085708236
Semantic_Similarity,sad_mean,0.11785714285714284,0.6757115292213043,No,0.11785714285714284
Topic_Coverage,neutral_min,0.11776599161690357,0.675949731247815,No,0.11776599161690357
Topic_Coverage,intensity_median,-0.11595420713048968,0.6806902908415504,No,0.11595420713048968
Factual_Accuracy,arousal_min,0.11572751247156893,0.6812842262748899,No,0.11572751247156893
Factual_Accuracy,angry_max,0.11572751247156893,0.6812842262748899,No,0.11572751247156893
Factual_Accuracy,disgust_mean_change,-0.11572751247156893,0.6812842262748899,No,0.11572751247156893
Factual_Accuracy,negativity_trend_slope,0.11572751247156893,0.6812842262748899,No,0.11572751247156893
Factual_Accuracy,pct_time_tired,-0.11572751247156893,0.6812842262748899,No,0.11572751247156893
Factual_Accuracy,neutral_trend_slope,0.11572751247156893,0.6812842262748899,No,0.11572751247156893
Factual_Accuracy,disgust_mean,-0.11572751247156893,0.6812842262748899,No,0.11572751247156893
Factual_Accuracy,sad_variance,-0.11572751247156893,0.6812842262748899,No,0.11572751247156893
Factual_Accuracy,surprise_mean,-0.11572751247156893,0.6812842262748899,No,0.11572751247156893
Factual_Accuracy,sad_std,-0.11572751247156893,0.6812842262748899,No,0.11572751247156893
Factual_Accuracy,arousal_cv,0.11572751247156893,0.6812842262748899,No,0.11572751247156893
Factual_Accuracy,intensity_trend_slope,-0.11572751247156893,0.6812842262748899,No,0.11572751247156893
Factual_Accuracy,intensity_total_change,-0.11572751247156893,0.6812842262748899,No,0.11572751247156893
Factual_Accuracy,intensity_mean_change,-0.11572751247156893,0.6812842262748899,No,0.11572751247156893
Factual_Accuracy,calmness_mean,-0.11572751247156893,0.6812842262748899,No,0.11572751247156893
Factual_Accuracy,excitement_mean,0.11572751247156893,0.6812842262748899,No,0.11572751247156893
Factual_Accuracy,arousal_max,0.11572751247156893,0.6812842262748899,No,0.11572751247156893
Factual_Accuracy,arousal_variance,0.11572751247156893,0.6812842262748899,No,0.11572751247156893
Factual_Accuracy,arousal_std,0.11572751247156893,0.6812842262748899,No,0.11572751247156893
Factual_Accuracy,neutral_total_change,-0.11572751247156893,0.6812842262748899,No,0.11572751247156893
Factual_Accuracy,emotional_diversity,0.11572751247156893,0.6812842262748899,No,0.11572751247156893
Factual_Accuracy,neutral_mean_change,-0.11572751247156893,0.6812842262748899,No,0.11572751247156893
Factual_Accuracy,valence_cv,-0.11572751247156893,0.6812842262748899,No,0.11572751247156893
Factual_Accuracy,fear_mean,-0.11572751247156893,0.6812842262748899,No,0.11572751247156893
Factual_Accuracy,happy_median,0.11572751247156893,0.6812842262748899,No,0.11572751247156893
Factual_Accuracy,angry_range,0.11572751247156893,0.6812842262748899,No,0.11572751247156893
Factual_Accuracy,positivity_trend_slope,-0.11572751247156893,0.6812842262748899,No,0.11572751247156893
Overall_Percentage,intensity_cv,-0.11449034419762448,0.684528635945727,No,0.11449034419762448
Overall_Percentage,sad_median,-0.11449034419762448,0.684528635945727,No,0.11449034419762448
Semantic_Similarity,sad_mean_change,-0.11428571428571425,0.6850657626568972,No,0.11428571428571425
Semantic_Similarity,valence_max,0.11428571428571425,0.6850657626568972,No,0.11428571428571425
Topic_Coverage,angry_max_change,0.11414242264407579,0.6854419678122219,No,0.11414242264407579
Topic_Coverage,negativity_mean,-0.11414242264407579,0.6854419678122219,No,0.11414242264407579
Topic_Coverage,positivity_mean,0.11414242264407579,0.6854419678122219,No,0.11414242264407579
Overall_Percentage,arousal_trend_slope,0.11270143256953662,0.6892290163917691,No,0.11270143256953662
Topic_Coverage,disgust_min,0.11233063815766187,0.6902046092761127,No,0.11233063815766187
Topic_Coverage,neutral_trend_slope,-0.11233063815766187,0.6902046092761127,No,0.11233063815766187
Topic_Coverage,intensity_trend_slope,0.11233063815766187,0.6902046092761127,No,0.11233063815766187
Topic_Coverage,surprise_trend_direction,-0.11184906087357487,0.6914723574344394,No,0.11184906087357487
Topic_Coverage,happy_trend_direction,-0.11184906087357487,0.6914723574344394,No,0.11184906087357487
Overall_Percentage,valence_max,0.1109125209414487,0.6939399670291051,No,0.1109125209414487
Overall_Percentage,valence_median,0.1109125209414487,0.6939399670291051,No,0.1109125209414487
Overall_Percentage,surprise_cv,0.1109125209414487,0.6939399670291051,No,0.1109125209414487
Overall_Percentage,positivity_median,0.1109125209414487,0.6939399670291051,No,0.1109125209414487
Overall_Percentage,negativity_median,-0.1109125209414487,0.6939399670291051,No,0.1109125209414487
Semantic_Similarity,angry_median,0.11071428571428568,0.6944626472070963,No,0.11071428571428568
Topic_Coverage,fear_cv,0.11051885367124797,0.6949780613952419,No,0.11051885367124797
Topic_Coverage,sad_max_change,-0.10870706918483408,0.6997621693901912,No,0.10870706918483408
Topic_Coverage,surprise_trend_slope,-0.10870706918483408,0.6997621693901912,No,0.10870706918483408
Semantic_Similarity,neutral_trend_slope,0.10714285714285714,0.7039010016261615,No,0.10714285714285714
Semantic_Similarity,intensity_trend_slope,-0.10714285714285714,0.7039010016261615,No,0.10714285714285714
Overall_Percentage,time_in_stressed,0.10564014976495383,0.707884372819314,No,0.10564014976495383
Topic_Coverage,excitement_max_change,0.10508350021200627,0.7093617292604046,No,0.10508350021200627
Topic_Coverage,calmness_max_change,0.10508350021200627,0.7093617292604046,No,0.10508350021200627
Overall_Percentage,positivity_mean,0.10375687442909719,0.7128864822678898,No,0.10375687442909719
Overall_Percentage,pct_time_calm,0.10375687442909719,0.7128864822678898,No,0.10375687442909719
Overall_Percentage,angry_mean,-0.10375687442909719,0.7128864822678898,No,0.10375687442909719
Overall_Percentage,neutral_max_change,0.10375687442909719,0.7128864822678898,No,0.10375687442909719
Overall_Percentage,negativity_mean,-0.10375687442909719,0.7128864822678898,No,0.10375687442909719
Semantic_Similarity,pct_time_tired,0.10357142857142855,0.7133796306287292,No,0.10357142857142855
Topic_Coverage,happy_cv,-0.10327171572559238,0.7141768669865882,No,0.10327171572559238
Overall_Percentage,overall_emotional_stability,0.10196796280100931,0.7176480343275642,No,0.10196796280100931
Overall_Percentage,overall_emotional_volatility,-0.10196796280100931,0.7176480343275642,No,0.10196796280100931
Overall_Percentage,arousal_std,-0.10196796280100931,0.7176480343275642,No,0.10196796280100931
Overall_Percentage,arousal_variance,-0.10196796280100931,0.7176480343275642,No,0.10196796280100931
Topic_Coverage,arousal_min,-0.10145993123917847,0.7190020323168274,No,0.10145993123917847
Semantic_Similarity,positivity_max,0.09999999999999999,0.7228973252791182,No,0.09999999999999999
Semantic_Similarity,negativity_min,-0.09999999999999999,0.7228973252791182,No,0.09999999999999999
Overall_Percentage,positivity_max,0.09839013954483354,0.727199977581058,No,0.09839013954483354
Overall_Percentage,negativity_min,-0.09839013954483354,0.727199977581058,No,0.09839013954483354
Overall_Percentage,calmness_mean_change,-0.09839013954483354,0.727199977581058,No,0.09839013954483354
Overall_Percentage,intensity_median,-0.09839013954483354,0.727199977581058,No,0.09839013954483354
Overall_Percentage,arousal_mean_change,-0.09839013954483354,0.727199977581058,No,0.09839013954483354
Overall_Percentage,excitement_mean_change,-0.09839013954483354,0.727199977581058,No,0.09839013954483354
Topic_Coverage,arousal_max_change,0.09783636226635066,0.7286818077653074,No,0.09783636226635066
Topic_Coverage,fear_median,-0.09783636226635066,0.7286818077653074,No,0.09783636226635066
Overall_Percentage,calmness_range,0.0930234046605699,0.7415976693142499,No,0.0930234046605699
Overall_Percentage,excitement_range,0.0930234046605699,0.7415976693142499,No,0.0930234046605699
Semantic_Similarity,arousal_trend_slope,-0.09285714285714285,0.742045009907367,No,0.09285714285714285
Overall_Percentage,arousal_max,0.08944558140439413,0.7512408247322836,No,0.08944558140439413
Semantic_Similarity,sad_total_change,0.08928571428571427,0.751672517350277,No,0.08928571428571427
Topic_Coverage,disgust_mean_change,0.08877743983428117,0.7530454752129256,No,0.08877743983428117
Topic_Coverage,emotional_diversity,-0.08877743983428117,0.7530454752129256,No,0.08877743983428117
Overall_Percentage,arousal_mean,-0.08765666977630625,0.7560753371848143,No,0.08765666977630625
Overall_Percentage,emotional_diversity,-0.08586775814821837,0.7609182606059391,No,0.08586775814821837
Overall_Percentage,surprise_mean,-0.08586775814821837,0.7609182606059391,No,0.08586775814821837
Overall_Percentage,surprise_total_change,0.08586775814821837,0.7609182606059391,No,0.08586775814821837
Semantic_Similarity,disgust_max_change,0.0857142857142857,0.7613341261907667,No,0.0857142857142857
Semantic_Similarity,positivity_median,-0.0857142857142857,0.7613341261907667,No,0.0857142857142857
Semantic_Similarity,negativity_median,0.0857142857142857,0.7613341261907667,No,0.0857142857142857
Semantic_Similarity,valence_median,-0.0857142857142857,0.7613341261907667,No,0.0857142857142857
Topic_Coverage,fear_variance,-0.08334208637503945,0.7677697439405269,No,0.08334208637503945
Topic_Coverage,fear_std,-0.08334208637503945,0.7677697439405269,No,0.08334208637503945
Semantic_Similarity,sad_std,0.08214285714285713,0.7710285652881772,No,0.08214285714285713
Semantic_Similarity,sad_variance,0.08214285714285713,0.7710285652881772,No,0.08214285714285713
Topic_Coverage,happy_max_change,0.08153030188862555,0.7726945168305699,No,0.08153030188862555
Topic_Coverage,arousal_mean,-0.07971851740221166,0.7776273519581695,No,0.07971851740221166
Semantic_Similarity,sad_trend_slope,0.07857142857142857,0.7807545523090464,No,0.07857142857142857
Semantic_Similarity,excitement_variance,0.07857142857142857,0.7807545523090464,No,0.07857142857142857
Semantic_Similarity,excitement_std,0.07857142857142857,0.7807545523090464,No,0.07857142857142857
Semantic_Similarity,excitement_total_change,-0.07857142857142857,0.7807545523090464,No,0.07857142857142857
Semantic_Similarity,calmness_std,0.07857142857142857,0.7807545523090464,No,0.07857142857142857
Semantic_Similarity,calmness_total_change,-0.07857142857142857,0.7807545523090464,No,0.07857142857142857
Semantic_Similarity,calmness_variance,0.07857142857142857,0.7807545523090464,No,0.07857142857142857
Topic_Coverage,arousal_trend_direction,0.07845256957084903,0.7810787656135043,No,0.07845256957084903
Topic_Coverage,excitement_trend_direction,0.07845256957084903,0.7810787656135043,No,0.07845256957084903
Topic_Coverage,calmness_trend_direction,-0.07845256957084903,0.7810787656135043,No,0.07845256957084903
Factual_Accuracy,time_in_stressed,-0.07722065279990303,0.7844410436294111,No,0.07722065279990303
Factual_Accuracy,happy_mean_change,0.07715167498104596,0.7846294104066152,No,0.07715167498104596
Factual_Accuracy,negativity_mean_change,0.07715167498104596,0.7846294104066152,No,0.07715167498104596
Factual_Accuracy,time_in_calm,-0.07715167498104596,0.7846294104066152,No,0.07715167498104596
Factual_Accuracy,valence_variance,-0.07715167498104596,0.7846294104066152,No,0.07715167498104596
Factual_Accuracy,angry_max_change,0.07715167498104596,0.7846294104066152,No,0.07715167498104596
Factual_Accuracy,sad_mean,-0.07715167498104596,0.7846294104066152,No,0.07715167498104596
Factual_Accuracy,sad_total_change,-0.07715167498104596,0.7846294104066152,No,0.07715167498104596
Factual_Accuracy,angry_cv,0.07715167498104596,0.7846294104066152,No,0.07715167498104596
Factual_Accuracy,surprise_total_change,-0.07715167498104596,0.7846294104066152,No,0.07715167498104596
Factual_Accuracy,positivity_mean_change,0.07715167498104596,0.7846294104066152,No,0.07715167498104596
Factual_Accuracy,sad_mean_change,0.07715167498104596,0.7846294104066152,No,0.07715167498104596
Factual_Accuracy,arousal_median,-0.07715167498104596,0.7846294104066152,No,0.07715167498104596
Factual_Accuracy,positivity_mean,0.07715167498104596,0.7846294104066152,No,0.07715167498104596
Factual_Accuracy,arousal_mean_change,-0.07715167498104596,0.7846294104066152,No,0.07715167498104596
Factual_Accuracy,calmness_total_change,-0.07715167498104596,0.7846294104066152,No,0.07715167498104596
Factual_Accuracy,valence_trend_slope,-0.07715167498104596,0.7846294104066152,No,0.07715167498104596
Factual_Accuracy,arousal_trend_slope,-0.07715167498104596,0.7846294104066152,No,0.07715167498104596
Factual_Accuracy,intensity_median,0.07715167498104596,0.7846294104066152,No,0.07715167498104596
Factual_Accuracy,valence_mean_change,0.07715167498104596,0.7846294104066152,No,0.07715167498104596
Factual_Accuracy,excitement_variance,0.07715167498104596,0.7846294104066152,No,0.07715167498104596
Factual_Accuracy,calmness_cv,0.07715167498104596,0.7846294104066152,No,0.07715167498104596
Factual_Accuracy,calmness_mean_change,-0.07715167498104596,0.7846294104066152,No,0.07715167498104596
Factual_Accuracy,calmness_trend_slope,0.07715167498104596,0.7846294104066152,No,0.07715167498104596
Factual_Accuracy,excitement_total_change,-0.07715167498104596,0.7846294104066152,No,0.07715167498104596
Factual_Accuracy,negativity_mean,-0.07715167498104596,0.7846294104066152,No,0.07715167498104596
Factual_Accuracy,calmness_std,0.07715167498104596,0.7846294104066152,No,0.07715167498104596
Factual_Accuracy,neutral_median,-0.07715167498104596,0.7846294104066152,No,0.07715167498104596
Factual_Accuracy,excitement_max,0.07715167498104596,0.7846294104066152,No,0.07715167498104596
Factual_Accuracy,calmness_min,-0.07715167498104596,0.7846294104066152,No,0.07715167498104596
Factual_Accuracy,excitement_cv,0.07715167498104596,0.7846294104066152,No,0.07715167498104596
Factual_Accuracy,excitement_mean_change,-0.07715167498104596,0.7846294104066152,No,0.07715167498104596
Factual_Accuracy,valence_std,-0.07715167498104596,0.7846294104066152,No,0.07715167498104596
Factual_Accuracy,calmness_variance,0.07715167498104596,0.7846294104066152,No,0.07715167498104596
Factual_Accuracy,excitement_trend_slope,-0.07715167498104596,0.7846294104066152,No,0.07715167498104596
Factual_Accuracy,excitement_std,0.07715167498104596,0.7846294104066152,No,0.07715167498104596
Factual_Accuracy,surprise_trend_slope,0.07715167498104596,0.7846294104066152,No,0.07715167498104596
Overall_Percentage,fear_median,-0.07692320000777894,0.7852534161571672,No,0.07692320000777894
Topic_Coverage,disgust_mean,0.07609494842938386,0.787516533342401,No,0.07609494842938386
Topic_Coverage,surprise_max,0.07609494842938386,0.787516533342401,No,0.07609494842938386
Topic_Coverage,surprise_range,0.07609494842938386,0.787516533342401,No,0.07609494842938386
Topic_Coverage,happy_mean,-0.07609494842938386,0.787516533342401,No,0.07609494842938386
Semantic_Similarity,arousal_median,-0.075,0.7905107941552678,No,0.075
Topic_Coverage,neutral_mean_change,-0.07247137945655605,0.7974359300781698,No,0.07247137945655605
Topic_Coverage,surprise_max_change,0.07247137945655605,0.7974359300781698,No,0.07247137945655605
Topic_Coverage,intensity_mean_change,-0.07247137945655605,0.7974359300781698,No,0.07247137945655605
Overall_Percentage,negativity_max_change,0.0715564651235153,0.7999450923333056,No,0.0715564651235153
Overall_Percentage,positivity_max_change,0.0715564651235153,0.7999450923333056,No,0.0715564651235153
Semantic_Similarity,calmness_median,0.07142857142857141,0.8002959873970544,No,0.07142857142857141
Semantic_Similarity,excitement_median,-0.07142857142857141,0.8002959873970544,No,0.07142857142857141
Topic_Coverage,neutral_median,0.07065959497014215,0.802406531904347,No,0.07065959497014215
Topic_Coverage,valence_max,0.07065959497014215,0.802406531904347,No,0.07065959497014215
Topic_Coverage,surprise_mean_change,0.07065959497014215,0.802406531904347,No,0.07065959497014215
Overall_Percentage,neutral_max,-0.06976755349542742,0.8048564304846715,No,0.06976755349542742
Overall_Percentage,surprise_std,-0.06976755349542742,0.8048564304846715,No,0.06976755349542742
Overall_Percentage,surprise_variance,-0.06976755349542742,0.8048564304846715,No,0.06976755349542742
Topic_Coverage,fear_mean_change,-0.06884781048372823,0.8073841735231083,No,0.06884781048372823
Factual_Accuracy,intensity_trend_direction,-0.06804138174397717,0.8096019501495194,No,0.06804138174397717
Factual_Accuracy,happy_trend_direction,0.06804138174397717,0.8096019501495194,No,0.06804138174397717
Factual_Accuracy,neutral_trend_direction,0.06804138174397717,0.8096019501495194,No,0.06804138174397717
Overall_Percentage,angry_mean_change,0.06440081861116377,0.8196304605929148,No,0.06440081861116377
Semantic_Similarity,time_in_stressed,0.064343189231737,0.8197894227047211,No,0.064343189231737
Semantic_Similarity,time_in_calm,0.06428571428571428,0.8199479653196377,No,0.06428571428571428
Semantic_Similarity,valence_mean_change,-0.06428571428571428,0.8199479653196377,No,0.06428571428571428
Semantic_Similarity,valence_range,-0.06428571428571428,0.8199479653196377,No,0.06428571428571428
Topic_Coverage,sad_max,-0.06341245702448656,0.8223576074955459,No,0.06341245702448656
Topic_Coverage,arousal_range,0.06341245702448656,0.8223576074955459,No,0.06341245702448656
Topic_Coverage,angry_mean_change,0.06341245702448656,0.8223576074955459,No,0.06341245702448656
Overall_Percentage,angry_std,0.0626119069830759,0.8245679189991374,No,0.0626119069830759
Overall_Percentage,angry_variance,0.0626119069830759,0.8245679189991374,No,0.0626119069830759
Semantic_Similarity,calmness_trend_direction,0.06185895741317418,0.8266479231312032,No,0.06185895741317418
Semantic_Similarity,excitement_trend_direction,-0.06185895741317418,0.8266479231312032,No,0.06185895741317418
Semantic_Similarity,arousal_trend_direction,-0.06185895741317418,0.8266479231312032,No,0.06185895741317418
Semantic_Similarity,fear_median,0.06071428571428571,0.8298120954425188,No,0.06071428571428571
Semantic_Similarity,sad_median,0.06071428571428571,0.8298120954425188,No,0.06071428571428571
Topic_Coverage,positivity_max,0.059788888051658745,0.8323719144492732,No,0.059788888051658745
Topic_Coverage,arousal_max,0.059788888051658745,0.8323719144492732,No,0.059788888051658745
Topic_Coverage,negativity_min,-0.059788888051658745,0.8323719144492732,No,0.059788888051658745
Overall_Percentage,arousal_cv,0.05903408372690013,0.8344610002861972,No,0.05903408372690013
Overall_Percentage,happy_max_change,0.05724517209881224,0.8394162853019236,No,0.05724517209881224
Overall_Percentage,arousal_range,0.05545626047072435,0.844377173818625,No,0.05545626047072435
Overall_Percentage,happy_mean,0.05545626047072435,0.844377173818625,No,0.05545626047072435
Overall_Percentage,valence_max_change,0.05545626047072435,0.844377173818625,No,0.05545626047072435
Overall_Percentage,surprise_mean_change,-0.05366734884263648,0.8493434956697786,No,0.05366734884263648
Overall_Percentage,neutral_median,0.05366734884263648,0.8493434956697786,No,0.05366734884263648
Semantic_Similarity,calmness_mean,0.05357142857142857,0.8496099367776072,No,0.05357142857142857
Semantic_Similarity,excitement_mean,-0.05357142857142857,0.8496099367776072,No,0.05357142857142857
Semantic_Similarity,happy_max,0.05357142857142857,0.8496099367776072,No,0.05357142857142857
Semantic_Similarity,happy_range,0.05357142857142857,0.8496099367776072,No,0.05357142857142857
Semantic_Similarity,positivity_trend_slope,-0.05357142857142857,0.8496099367776072,No,0.05357142857142857
Semantic_Similarity,negativity_trend_slope,0.05357142857142857,0.8496099367776072,No,0.05357142857142857
Overall_Percentage,valence_cv,0.051878437214548594,0.8543150802213386,No,0.051878437214548594
Topic_Coverage,calmness_range,0.050729965619589236,0.8575095050745373,No,0.050729965619589236
Topic_Coverage,excitement_range,0.050729965619589236,0.8575095050745373,No,0.050729965619589236
Topic_Coverage,surprise_cv,0.050729965619589236,0.8575095050745373,No,0.050729965619589236
Semantic_Similarity,arousal_std,-0.049999999999999996,0.859540943467457,No,0.049999999999999996
Semantic_Similarity,negativity_mean_change,-0.049999999999999996,0.859540943467457,No,0.049999999999999996
Semantic_Similarity,arousal_variance,-0.049999999999999996,0.859540943467457,No,0.049999999999999996
Semantic_Similarity,surprise_median,0.049999999999999996,0.859540943467457,No,0.049999999999999996
Semantic_Similarity,positivity_mean_change,-0.049999999999999996,0.859540943467457,No,0.049999999999999996
Topic_Coverage,fear_trend_direction,-0.04981583731163036,0.8600535837655451,No,0.04981583731163036
Overall_Percentage,happy_trend_slope,-0.04830061395837283,0.864273352639302,No,0.04830061395837283
Topic_Coverage,excitement_mean_change,-0.04710639664676143,0.8676015524246157,No,0.04710639664676143
Topic_Coverage,arousal_mean_change,-0.04710639664676143,0.8676015524246157,No,0.04710639664676143
Topic_Coverage,intensity_cv,-0.04710639664676143,0.8676015524246157,No,0.04710639664676143
Topic_Coverage,excitement_cv,-0.04710639664676143,0.8676015524246157,No,0.04710639664676143
Topic_Coverage,calmness_mean_change,-0.04710639664676143,0.8676015524246157,No,0.04710639664676143
Topic_Coverage,calmness_cv,-0.04710639664676143,0.8676015524246157,No,0.04710639664676143
Overall_Percentage,angry_max_change,0.04651170233028495,0.8692596970313093,No,0.04651170233028495
Overall_Percentage,disgust_trend_slope,0.04651170233028495,0.8692596970313093,No,0.04651170233028495
Overall_Percentage,intensity_min,0.04651170233028495,0.8692596970313093,No,0.04651170233028495
Semantic_Similarity,neutral_median,-0.04642857142857142,0.8694915255450946,No,0.04642857142857142
Semantic_Similarity,fear_total_change,-0.04642857142857142,0.8694915255450946,No,0.04642857142857142
Semantic_Similarity,calmness_trend_slope,0.04642857142857142,0.8694915255450946,No,0.04642857142857142
Semantic_Similarity,excitement_trend_slope,-0.04642857142857142,0.8694915255450946,No,0.04642857142857142
Topic_Coverage,happy_trend_slope,0.04529461216034753,0.872654794091032,No,0.04529461216034753
Overall_Percentage,excitement_max,0.04472279070219706,0.8742506172043029,No,0.04472279070219706
Overall_Percentage,calmness_min,-0.04472279070219706,0.8742506172043029,No,0.04472279070219706
Overall_Percentage,happy_range,0.04472279070219706,0.8742506172043029,No,0.04472279070219706
Overall_Percentage,happy_max,0.04472279070219706,0.8742506172043029,No,0.04472279070219706
Topic_Coverage,negativity_max_change,-0.04348282767393363,0.8777126087825886,No,0.04348282767393363
Topic_Coverage,negativity_mean_change,-0.04348282767393363,0.8777126087825886,No,0.04348282767393363
Topic_Coverage,angry_min,0.04348282767393363,0.8777126087825886,No,0.04348282767393363
Topic_Coverage,positivity_mean_change,-0.04348282767393363,0.8777126087825886,No,0.04348282767393363
Topic_Coverage,positivity_max_change,-0.04348282767393363,0.8777126087825886,No,0.04348282767393363
Semantic_Similarity,negativity_mean,0.04285714285714285,0.8794603130258999,No,0.04285714285714285
Semantic_Similarity,fear_trend_slope,0.04285714285714285,0.8794603130258999,No,0.04285714285714285
Semantic_Similarity,positivity_mean,-0.04285714285714285,0.8794603130258999,No,0.04285714285714285
Topic_Coverage,neutral_range,-0.03985925870110583,0.8878412379087325,No,0.03985925870110583
Topic_Coverage,negativity_max,-0.03985925870110583,0.8878412379087325,No,0.03985925870110583
Topic_Coverage,intensity_range,-0.03985925870110583,0.8878412379087325,No,0.03985925870110583
Topic_Coverage,positivity_min,0.03985925870110583,0.8878412379087325,No,0.03985925870110583
Factual_Accuracy,valence_total_change,0.03857583749052298,0.8914326101774065,No,0.03857583749052298
Factual_Accuracy,disgust_total_change,-0.03857583749052298,0.8914326101774065,No,0.03857583749052298
Factual_Accuracy,disgust_max_change,-0.03857583749052298,0.8914326101774065,No,0.03857583749052298
Factual_Accuracy,surprise_mean_change,-0.03857583749052298,0.8914326101774065,No,0.03857583749052298
Factual_Accuracy,surprise_min,-0.03857583749052298,0.8914326101774065,No,0.03857583749052298
Factual_Accuracy,negativity_std,0.03857583749052298,0.8914326101774065,No,0.03857583749052298
Factual_Accuracy,sad_cv,-0.03857583749052298,0.8914326101774065,No,0.03857583749052298
Factual_Accuracy,angry_min,0.03857583749052298,0.8914326101774065,No,0.03857583749052298
Factual_Accuracy,negativity_cv,-0.03857583749052298,0.8914326101774065,No,0.03857583749052298
Factual_Accuracy,happy_max_change,0.03857583749052298,0.8914326101774065,No,0.03857583749052298
Factual_Accuracy,happy_total_change,0.03857583749052298,0.8914326101774065,No,0.03857583749052298
Factual_Accuracy,pct_time_calm,0.03857583749052298,0.8914326101774065,No,0.03857583749052298
Factual_Accuracy,disgust_std,-0.03857583749052298,0.8914326101774065,No,0.03857583749052298
Factual_Accuracy,negativity_total_change,0.03857583749052298,0.8914326101774065,No,0.03857583749052298
Factual_Accuracy,angry_mean,0.03857583749052298,0.8914326101774065,No,0.03857583749052298
Factual_Accuracy,disgust_cv,-0.03857583749052298,0.8914326101774065,No,0.03857583749052298
Factual_Accuracy,disgust_variance,-0.03857583749052298,0.8914326101774065,No,0.03857583749052298
Factual_Accuracy,overall_emotional_stability,0.03857583749052298,0.8914326101774065,No,0.03857583749052298
Factual_Accuracy,excitement_median,-0.03857583749052298,0.8914326101774065,No,0.03857583749052298
Factual_Accuracy,excitement_range,0.03857583749052298,0.8914326101774065,No,0.03857583749052298
Factual_Accuracy,arousal_range,0.03857583749052298,0.8914326101774065,No,0.03857583749052298
Factual_Accuracy,intensity_mean,0.03857583749052298,0.8914326101774065,No,0.03857583749052298
Factual_Accuracy,surprise_max_change,-0.03857583749052298,0.8914326101774065,No,0.03857583749052298
Factual_Accuracy,sad_max_change,-0.03857583749052298,0.8914326101774065,No,0.03857583749052298
Factual_Accuracy,fear_trend_slope,-0.03857583749052298,0.8914326101774065,No,0.03857583749052298
Factual_Accuracy,positivity_variance,0.03857583749052298,0.8914326101774065,No,0.03857583749052298
Factual_Accuracy,positivity_cv,-0.03857583749052298,0.8914326101774065,No,0.03857583749052298
Factual_Accuracy,positivity_std,0.03857583749052298,0.8914326101774065,No,0.03857583749052298
Factual_Accuracy,positivity_total_change,0.03857583749052298,0.8914326101774065,No,0.03857583749052298
Factual_Accuracy,positivity_min,-0.03857583749052298,0.8914326101774065,No,0.03857583749052298
Factual_Accuracy,negativity_max,0.03857583749052298,0.8914326101774065,No,0.03857583749052298
Factual_Accuracy,negativity_variance,0.03857583749052298,0.8914326101774065,No,0.03857583749052298
Factual_Accuracy,sad_median,0.03857583749052298,0.8914326101774065,No,0.03857583749052298
Factual_Accuracy,overall_emotional_volatility,-0.03857583749052298,0.8914326101774065,No,0.03857583749052298
Factual_Accuracy,neutral_mean,-0.03857583749052298,0.8914326101774065,No,0.03857583749052298
Factual_Accuracy,quadrant_transitions,0.03857583749052298,0.8914326101774065,No,0.03857583749052298
Factual_Accuracy,calmness_range,0.03857583749052298,0.8914326101774065,No,0.03857583749052298
Factual_Accuracy,calmness_median,0.03857583749052298,0.8914326101774065,No,0.03857583749052298
Topic_Coverage,intensity_min,-0.03804747421469193,0.8929116917220148,No,0.03804747421469193
Overall_Percentage,fear_range,0.03756714418984554,0.8942565950591421,No,0.03756714418984554
Overall_Percentage,fear_max,0.03756714418984554,0.8942565950591421,No,0.03756714418984554
Topic_Coverage,surprise_min,0.03623568972827802,0.8979859973495623,No,0.03623568972827802
Overall_Percentage,sad_cv,-0.03577823256175765,0.8992677954879353,No,0.03577823256175765
Overall_Percentage,excitement_variance,-0.03577823256175765,0.8992677954879353,No,0.03577823256175765
Overall_Percentage,excitement_std,-0.03577823256175765,0.8992677954879353,No,0.03577823256175765
Overall_Percentage,calmness_variance,-0.03577823256175765,0.8992677954879353,No,0.03577823256175765
Overall_Percentage,calmness_std,-0.03577823256175765,0.8992677954879353,No,0.03577823256175765
Semantic_Similarity,overall_emotional_volatility,-0.035714285714285705,0.8994469934720875,No,0.035714285714285705
Semantic_Similarity,overall_emotional_stability,0.035714285714285705,0.8994469934720875,No,0.035714285714285705
Topic_Coverage,sad_cv,0.03442390524186412,0.9030639735970893,No,0.03442390524186412
Overall_Percentage,fear_max_change,-0.03398932093366976,0.904282529790405,No,0.03398932093366976
Overall_Percentage,pct_time_stressed,-0.03398932093366976,0.904282529790405,No,0.03398932093366976
Overall_Percentage,time_in_tired,-0.03312445373985841,0.9067081685302656,No,0.03312445373985841
Semantic_Similarity,fear_trend_direction,-0.032732683535398856,0.907807194891725,No,0.032732683535398856
Semantic_Similarity,pct_time_stressed,-0.03214285714285714,0.9094621170945906,No,0.03214285714285714
Semantic_Similarity,valence_std,0.03214285714285714,0.9094621170945906,No,0.03214285714285714
Semantic_Similarity,valence_variance,0.03214285714285714,0.9094621170945906,No,0.03214285714285714
Semantic_Similarity,neutral_trend_direction,0.0314970394174356,0.9112745346229962,No,0.0314970394174356
Semantic_Similarity,intensity_trend_direction,-0.0314970394174356,0.9112745346229962,No,0.0314970394174356
Topic_Coverage,fear_mean,-0.03080033626903632,0.913230211567201,No,0.03080033626903632
Overall_Percentage,calmness_cv,0.030411497677494,0.9143219005052031,No,0.030411497677494
Overall_Percentage,excitement_cv,0.030411497677494,0.9143219005052031,No,0.030411497677494
Topic_Coverage,angry_variance,0.02898855178262242,0.9183181093415312,No,0.02898855178262242
Topic_Coverage,angry_std,0.02898855178262242,0.9183181093415312,No,0.02898855178262242
Overall_Percentage,valence_range,-0.02862258604940612,0.9193461864525321,No,0.02862258604940612
Semantic_Similarity,intensity_median,0.028571428571428564,0.9194899083821857,No,0.028571428571428564
Semantic_Similarity,fear_mean,0.028571428571428564,0.9194899083821857,No,0.028571428571428564
Overall_Percentage,intensity_trend_slope,0.02683367442131824,0.9243733053736936,No,0.02683367442131824
Overall_Percentage,surprise_range,0.02683367442131824,0.9243733053736936,No,0.02683367442131824
Overall_Percentage,neutral_trend_slope,-0.02683367442131824,0.9243733053736936,No,0.02683367442131824
Overall_Percentage,fear_mean,-0.02683367442131824,0.9243733053736936,No,0.02683367442131824
Overall_Percentage,surprise_max,0.02683367442131824,0.9243733053736936,No,0.02683367442131824
Overall_Percentage,arousal_max_change,0.02683367442131824,0.9243733053736936,No,0.02683367442131824
Topic_Coverage,valence_min,0.025364982809794618,0.9285025504993335,No,0.025364982809794618
Topic_Coverage,valence_max_change,-0.025364982809794618,0.9285025504993335,No,0.025364982809794618
Semantic_Similarity,intensity_mean,0.024999999999999998,0.9295289708192378,No,0.024999999999999998
Semantic_Similarity,emotional_diversity,-0.024999999999999998,0.9295289708192378,No,0.024999999999999998
Semantic_Similarity,neutral_mean,-0.024999999999999998,0.9295289708192378,No,0.024999999999999998
Topic_Coverage,valence_mean_change,-0.023553198323380715,0.9335987283231828,No,0.023553198323380715
Topic_Coverage,angry_range,0.021741413836966816,0.9386973002127789,No,0.021741413836966816
Topic_Coverage,sad_range,-0.021741413836966816,0.9386973002127789,No,0.021741413836966816
Topic_Coverage,disgust_trend_slope,0.021741413836966816,0.9386973002127789,No,0.021741413836966816
Topic_Coverage,angry_max,0.021741413836966816,0.9386973002127789,No,0.021741413836966816
Semantic_Similarity,arousal_mean,-0.021428571428571425,0.9395779040128779,No,0.021428571428571425
Semantic_Similarity,positivity_total_change,-0.021428571428571425,0.9395779040128779,No,0.021428571428571425
Semantic_Similarity,negativity_total_change,-0.021428571428571425,0.9395779040128779,No,0.021428571428571425
Topic_Coverage,surprise_mean,0.019929629350552914,0.9437980828258796,No,0.019929629350552914
Topic_Coverage,neutral_max,0.01811784486413901,0.9489008926244342,No,0.01811784486413901
Overall_Percentage,angry_range,-0.016100204652790943,0.9545856472013283,No,0.016100204652790943
Overall_Percentage,angry_max,-0.016100204652790943,0.9545856472013283,No,0.016100204652790943
Overall_Percentage,arousal_trend_direction,-0.01549242915049486,0.9562984806123553,No,0.01549242915049486
Overall_Percentage,calmness_trend_direction,0.01549242915049486,0.9562984806123553,No,0.01549242915049486
Overall_Percentage,excitement_trend_direction,-0.01549242915049486,0.9562984806123553,No,0.01549242915049486
Topic_Coverage,happy_max,0.01449427589131121,0.959111858744107,No,0.01449427589131121
Topic_Coverage,fear_min,0.01449427589131121,0.959111858744107,No,0.01449427589131121
Topic_Coverage,happy_range,0.01449427589131121,0.959111858744107,No,0.01449427589131121
Overall_Percentage,fear_min,0.01431129302470306,0.959627660686063,No,0.01431129302470306
Semantic_Similarity,arousal_max,-0.014285714285714282,0.9596997645989476,No,0.014285714285714282
Semantic_Similarity,happy_max_change,0.014285714285714282,0.9596997645989476,No,0.014285714285714282
Topic_Coverage,pct_time_stressed,-0.012682491404897309,0.9642196471563254,No,0.012682491404897309
Topic_Coverage,valence_range,-0.012682491404897309,0.9642196471563254,No,0.012682491404897309
Overall_Percentage,fear_cv,-0.012522381396615177,0.9646710945816908,No,0.012522381396615177
Overall_Percentage,happy_variance,-0.012522381396615177,0.9646710945816908,No,0.012522381396615177
Overall_Percentage,happy_std,-0.012522381396615177,0.9646710945816908,No,0.012522381396615177
Overall_Percentage,positivity_range,0.010733469768527296,0.9697157716054021,No,0.010733469768527296
Overall_Percentage,positivity_mean_change,-0.010733469768527296,0.9697157716054021,No,0.010733469768527296
Overall_Percentage,negativity_mean_change,-0.010733469768527296,0.9697157716054021,No,0.010733469768527296
Overall_Percentage,negativity_range,0.010733469768527296,0.9697157716054021,No,0.010733469768527296
Semantic_Similarity,excitement_max,-0.010714285714285713,0.9697698761545686,No,0.010714285714285713
Semantic_Similarity,valence_trend_slope,-0.010714285714285713,0.9697698761545686,No,0.010714285714285713
Semantic_Similarity,calmness_min,0.010714285714285713,0.9697698761545686,No,0.010714285714285713
Topic_Coverage,positivity_range,0.009058922432069506,0.9744389139083038,No,0.009058922432069506
Topic_Coverage,negativity_range,0.009058922432069506,0.9744389139083038,No,0.009058922432069506
Topic_Coverage,excitement_max,0.007247137945655605,0.9795500236036843,No,0.007247137945655605
Topic_Coverage,calmness_min,-0.007247137945655605,0.9795500236036843,No,0.007247137945655605
Overall_Percentage,surprise_max_change,0.00715564651235153,0.9798081453842074,No,0.00715564651235153
Semantic_Similarity,negativity_range,0.007142857142857141,0.9798442277615982,No,0.007142857142857141
Semantic_Similarity,positivity_range,0.007142857142857141,0.9798442277615982,No,0.007142857142857141
Semantic_Similarity,angry_mean_change,0.007142857142857141,0.9798442277615982,No,0.007142857142857141
Topic_Coverage,surprise_std,0.005435353459241704,0.9846618716018942,No,0.005435353459241704
Topic_Coverage,surprise_variance,0.005435353459241704,0.9846618716018942,No,0.005435353459241704
Overall_Percentage,valence_mean_change,0.003577823256175765,0.9899033618880237,No,0.003577823256175765
Semantic_Similarity,valence_mean,-0.0035714285714285704,0.9899214068809781,No,0.0035714285714285704
Semantic_Similarity,negativity_std,0.0035714285714285704,0.9899214068809781,No,0.0035714285714285704
Semantic_Similarity,excitement_range,0.0035714285714285704,0.9899214068809781,No,0.0035714285714285704
Semantic_Similarity,negativity_variance,0.0035714285714285704,0.9899214068809781,No,0.0035714285714285704
Semantic_Similarity,positivity_std,0.0035714285714285704,0.9899214068809781,No,0.0035714285714285704
Semantic_Similarity,calmness_range,0.0035714285714285704,0.9899214068809781,No,0.0035714285714285704
Semantic_Similarity,valence_total_change,-0.0035714285714285704,0.9899214068809781,No,0.0035714285714285704
Semantic_Similarity,positivity_variance,0.0035714285714285704,0.9899214068809781,No,0.0035714285714285704
Topic_Coverage,disgust_cv,0.0018117844864139012,0.9948870443839388,No,0.0018117844864139012
Topic_Coverage,arousal_cv,0.0018117844864139012,0.9948870443839388,No,0.0018117844864139012
Overall_Percentage,arousal_min,-0.0017889116280878825,0.9949515920877439,No,0.0017889116280878825
Overall_Percentage,calmness_max_change,0.0,1.0,No,0.0
Factual_Accuracy,neutral_cv,0.0,1.0,No,0.0
Factual_Accuracy,disgust_max,0.0,1.0,No,0.0
Factual_Accuracy,disgust_range,0.0,1.0,No,0.0
Topic_Coverage,disgust_median,0.0,1.0,No,0.0
Factual_Accuracy,pct_time_stressed,0.0,1.0,No,0.0
Factual_Accuracy,arousal_total_change,0.0,1.0,No,0.0
Factual_Accuracy,valence_mean,0.0,1.0,No,0.0
Factual_Accuracy,arousal_mean,0.0,1.0,No,0.0
Factual_Accuracy,positivity_median,0.0,1.0,No,0.0
Factual_Accuracy,negativity_median,0.0,1.0,No,0.0
Factual_Accuracy,valence_median,0.0,1.0,No,0.0
Factual_Accuracy,angry_trend_slope,0.0,1.0,No,0.0
Overall_Percentage,excitement_max_change,0.0,1.0,No,0.0
Factual_Accuracy,surprise_range,0.0,1.0,No,0.0
Factual_Accuracy,surprise_std,0.0,1.0,No,0.0
Factual_Accuracy,fear_max,0.0,1.0,No,0.0
Factual_Accuracy,surprise_max,0.0,1.0,No,0.0
Factual_Accuracy,surprise_variance,0.0,1.0,No,0.0
Factual_Accuracy,fear_median,0.0,1.0,No,0.0
Factual_Accuracy,fear_range,0.0,1.0,No,0.0
Factual_Accuracy,fear_max_change,0.0,1.0,No,0.0
Factual_Accuracy,fear_trend_direction,0.0,1.0,No,0.0
Factual_Accuracy,peak_intensity_mean,0.0,1.0,No,0.0
